pressure_combined,avg_score,pct_perfect,sample_size
low,2.963013698630137,0.5401826484018265,2190
medium,3.0414765906362544,0.5484393757503001,16660
high,3.128978622327791,0.5681710213776722,4210
very_high,3.0926174496644294,0.5845637583892618,2980
