pressure_combined,n_ends,mean_points,success_rate_2plus,big_end_rate_3plus
low,438,0.8219178082191783,0.2100456621004566,0.091324200913242
medium,3332,1.0360144057622909,0.23979591836734693,0.10384153661464586
high,842,0.8147268408551063,0.21496437054631828,0.07482185273159145
very_high,596,1.3557046979865757,0.2936241610738255,0.15436241610738255
