term,estimate,std.error,statistic,p.value,conf.low,conf.high,interpretation
(Intercept),0.6431168963662409,0.31548747088179196,-1.3991958908598037,0.1617542484772693,0.34115745204540976,1.1839777663946658,Decreases Success
shot1Guard_Setup,0.5914415563320161,0.29174599247238636,-1.8001700789705224,0.07183378681307258,0.3307797176782739,1.0422164255082595,Decreases Success
shot1Takeout,0.6097442597239303,1.050367038807715,-0.47099312697290513,0.6376456430401002,0.06645644833799544,5.461099441173732,Decreases Success
shot2Guard_Setup,3.4415282758663985,0.6205099580760222,1.9917740608074062,0.04639585351829791,1.091155998921521,13.191288905486715,Increases Success
shot2Takeout,1.250422585474238,0.2496986665050166,0.8950050302205824,0.37078439900810084,0.7666864597004533,2.0436257341980038,Increases Success
pressure_combinedmedium,1.6315463318210583,0.33970788985550143,1.441026981012822,0.14957706045991445,0.8440757230159887,3.215670968748286,Increases Success
pressure_combinedhigh,1.5633855980883837,0.425981946775813,1.0489968606098334,0.2941795633146892,0.681093957273576,3.637992397282929,Increases Success
pressure_combinedvery_high,1.7108781171174416,0.4094477782669787,1.31153906797095,0.18967570358755165,0.7708917317084694,3.858626010375373,Increases Success
