pressure_combined,ends_played,avg_points,success_rate
low,51,1.4313725490196076,0.4117647058823529
medium,156,1.673076923076923,0.5128205128205128
high,53,2.132075471698113,0.5094339622641509
very_high,53,1.6603773584905661,0.5471698113207547
